{"items":[{"name":"accept.png","time":1494851399000},{"name":"answer.png","time":1494587464000},{"name":"back.png","time":1494587464000},{"name":"cancel.png","time":1494851399000},{"name":"comments.png","time":1494587464000},{"name":"cross.png","time":1494851399000},{"name":"date.png","time":1494587464000},{"name":"exit.png","time":1494753773000},{"name":"forward.png","time":1494851399000},{"name":"loader.png","time":1494587464000},{"name":"logo-mobile.png","time":1494763902000},{"name":"medal.png","time":1494851399000},{"name":"medal_empty.png","time":1494587464000},{"name":"options.png","time":1494587464000},{"name":"profile.png","time":1494587464000},{"name":"projects.png","time":1494587464000},{"name":"send.png","time":1494587464000},{"name":"write.png","time":1494587464000}]}